percent,Traitor by Olivia Rodrigo,Tongue Tied by Grouplove,Pursuit of Happiness (Nightmare) by Kid Cudi
0,7.6,0,0
5,3.2,8.9,0
10,3.1,7.5,7.8
15,3,7.9,8.1
20,3.2,6.4,8.2
25,3.3,5.4,8.433333333
30,3.1,2.4,8.633333333
35,3.9,8.9,8.833333333
40,4.2,7.5,9.033333333
45,4.32,7.2,6
50,4.58,6.4,5.3
55,4.84,5.4,4.6
60,5.1,3.5,3.9
65,5.36,6.2,5.3
70,5.62,6.7,6.9
75,5.88,5.2,7.3
80,6.14,4.3,8.8
85,6.4,4.2,9.2
90,6.66,4.4,3.2
95,6.92,5.1,1.3